id,cohort_id,qualif,url,name,name_freq_x,nb_visitors_id,nb_visitors_coh,cohort_size
60214e87360e2c9356fb033a,cohort_9,SKI DE RANDO - LONG COURRIER,http://azimut.ski/fr/trips/le-pakistan-a-ski-de-randonnee---au-coeur-du-karakoram,Le Pakistan à ski de randonnée - au coeur du Karakoram,"['pakistan', 'ski', 'randonn', 'coeur', 'karakoram']",230,223,15
6022671b360e2c93566ac979,cohort_9,SKI DE RANDO - LONG COURRIER,http://azimut.ski/fr/trips/georgie---ski-freeride---sud-caucase,Georgie - Sud Caucase - Ski freeride,"['georgie', 'sud', 'caucase', 'ski', 'freeride']",82,223,15
602132d1360e2c935613647c,cohort_9,SKI DE RANDO - LONG COURRIER,http://azimut.ski/fr/trips/ski-freeride-au-kyrgyzstan,Ski Freeride au Kirgistan dans la chaine des Tien Shan,"['ski', 'freeride', 'kirgistan', 'chaine', 'tien', 'shan']",71,223,15
6025a88b360e2c935687cf62,cohort_9,SKI DE RANDO - LONG COURRIER,http://azimut.ski/fr/trips/le-kyrgyzstan--ski-de-randonnee,Le Kirgistan à ski de randonnée - au coeur de la chaine des Tien Shan,"['kirgistan', 'ski', 'randonn', 'coeur', 'chaine', 'tien', 'shan']",61,223,15
6021536c360e2c935616932d,cohort_9,SKI DE RANDO - LONG COURRIER,http://azimut.ski/fr/trips/pologne---la-traversee-des-tatras-en-ski-de-randonnee-top-confort,Pologne - La Traversée des Tatras - Raid en ski de randonnée,"['pologne', 'travers', 'tatras', 'raid', 'ski', 'randonn']",58,223,15
60219b8d360e2c9356fca2ad,cohort_9,SKI DE RANDO - LONG COURRIER,http://azimut.ski/en/trips/Freeride-skiing-Japan,Freeride skiing in Japan,"['freeride', 'skiing', 'japan']",53,223,15
6021774c360e2c93569c2e73,cohort_9,SKI DE RANDO - LONG COURRIER,http://azimut.ski/fr/trips/maroc-decouverte-du-haut-atlas-en-ski-de-randonnee,"Maroc, découverte du Haut Atlas en ski de randonnée","['maroc', 'couverte', 'haut', 'atlas', 'ski', 'randonn']",52,223,15
60213293360e2c9356115209,cohort_9,SKI DE RANDO - LONG COURRIER,http://azimut.ski/fr/trips/turquie-ski-de-randonnee-dans-les-taurus,"Turquie, ski de randonnée dans les Taurus","['turquie', 'ski', 'randonn', 'taurus']",47,223,15
6021782a360e2c9356a840ef,cohort_9,SKI DE RANDO - LONG COURRIER,http://azimut.ski/fr/trips/japon---ski-de-randonnee-sur-les-iles-de-rishiri-et-hokkaido-,Ski de randonnée sur les îles de Rishiri et Hokkaido - Japon,"['ski', 'randonn', 'sur', 'rishiri', 'hokkaido', 'japon']",46,223,15
60261199360e2c9356666dc7,cohort_9,SKI DE RANDO - LONG COURRIER,http://azimut.ski/fr/trips/le-kyrgyzstan--ski-de-randonnee---arslanbob,Le Kirgistan à ski de randonnée dans la chaine de Babash Ata,"['kirgistan', 'ski', 'randonn', 'chaine', 'babash', 'ata']",42,223,15
60ae550689fe135ad8e20a1d,cohort_9,SKI DE RANDO - LONG COURRIER,http://azimut.ski/fr/trips/skitrip-freeride-freerando-japon-voyage-ski-freeride-japon,Skitrip freeride freerando Japon,"['skitrip', 'freeride', 'freerando', 'japon']",32,223,15
60b2864c89fe135ad8e0e003,cohort_9,SKI DE RANDO - LONG COURRIER,http://azimut.ski/fr/trips/chili-freerando---ski-freeride,Ski Freeride - Freerando dans les Andes - Chili,"['ski', 'freeride', 'freerando', 'andes', 'chili']",25,223,15
602c4870360e2c9356933e8d,cohort_9,SKI DE RANDO - LONG COURRIER,http://azimut.ski/fr/trips/iran---zagros-ski-de-randonnee,Iran - Zagros ski de randonnée,"['iran', 'zagros', 'ski', 'randonn']",24,223,15
60231a8b360e2c9356868a38,cohort_9,SKI DE RANDO - LONG COURRIER,http://azimut.ski/en/trips/freeriding-in-chile---south-america,Freeriding in Chile - South America,"['freeriding', 'chile', 'south', 'america']",21,223,15
604f8a06360e2c9356c1803f,cohort_9,SKI DE RANDO - LONG COURRIER,http://azimut.ski/fr/trips/allemoz-georgie---svanetie-joyau-du-ski-de-rando,"ALLEMOZ Georgie - Svanetie, joyau du ski de rando","['allemoz', 'georgie', 'svanetie', 'joyau', 'ski', 'rando']",17,223,15
6021355f360e2c935624d1fc,cohort_8,SKI DE RANDO - CONFIRMES,http://azimut.ski/fr/trips/chamonix-et-ascension-du-mont-blanc--ski-de-rando,Chamonix et Ascension du Mont Blanc à ski de rando,"['chamonix', 'ascension', 'mont', 'blanc', 'ski', 'rando']",182,478,22
60217360360e2c93566bf96b,cohort_8,SKI DE RANDO - CONFIRMES,http://azimut.ski/fr/trips/mont-rose-ascension-a-ski-de-randonnee-4563m,Mont Rose ascension à ski de randonnée 4563m,"['mont', 'rose', 'ascension', 'ski', 'randonn', '4563m']",168,478,22
602173a0360e2c93566ebda5,cohort_8,SKI DE RANDO - CONFIRMES,http://azimut.ski/fr/trips/ascension-du-mont-thabor---vallee-de-la-claree-ski-de-rando,Ascension du Mont Thabor - Vallée de la Clarée Ski de rando,"['ascension', 'mont', 'thabor', 'vall', 'clar', 'ski', 'rando']",165,478,22
60214bcd360e2c9356ee81aa,cohort_8,SKI DE RANDO - CONFIRMES,http://azimut.ski/fr/trips/aiguilles-rouges-chamonix---ski-de-randonnee,Aiguilles Rouges Chamonix - ski de randonnée,"['aiguilles', 'rouges', 'chamonix', 'ski', 'randonn']",124,478,22
602147f3360e2c9356ccd99d,cohort_8,SKI DE RANDO - CONFIRMES,http://azimut.ski/fr/trips/les-4000-de-saas-fee-express-en-ski-de-randonnee-suisse,Les 4000 de Saas Fee en ski de randonnée - Suisse,"['saas', 'fee', 'ski', 'randonn', 'suisse']",114,478,22
60218028360e2c9356058668,cohort_8,SKI DE RANDO - CONFIRMES,http://azimut.ski/fr/trips/traversee-des-ecrins-et-dome-ski-de-randonnee,Raid à ski dans les Ecrins - traversée et ascension du Dôme,"['raid', 'ski', 'ecrins', 'travers', 'ascension', 'me']",109,478,22
602136f1360e2c93562b2791,cohort_8,SKI DE RANDO - CONFIRMES,http://azimut.ski/fr/trips/dome-des-ecrins-premier-4000---ski-de-randonnee,Dôme des Ecrins premier 4000 - ski de randonnée,"['me', 'ecrins', 'premier', 'ski', 'randonn']",105,478,22
60217725360e2c93569a90c1,cohort_8,SKI DE RANDO - CONFIRMES,http://azimut.ski/fr/trips/glaciers-des-ecrins---ski-de-randonnee,Glaciers des Ecrins - Ski de randonnée sauvage,"['glaciers', 'ecrins', 'ski', 'randonn', 'sauvage']",104,478,22
602170a2360e2c93564a1f9f,cohort_8,SKI DE RANDO - CONFIRMES,http://azimut.ski/fr/trips/itinerance-vallee-de-la-claree---ski-de-rando,Itinérance Vallée sauvage de la Clarée - Ski de rando,"['itin', 'rance', 'vall', 'sauvage', 'clar', 'ski', 'rando']",101,478,22
602186f3360e2c935655ebe2,cohort_8,SKI DE RANDO - CONFIRMES,http://azimut.ski/fr/trips/tour-de-la-meije---ski-de-randonnee,Tour de la Meije - ski de randonnée,"['tour', 'meije', 'ski', 'randonn']",99,478,22
60218078360e2c9356091f08,cohort_8,SKI DE RANDO - CONFIRMES,http://azimut.ski/fr/trips/glaciers-de-la-vanoise---traversee-en-ski-de-rando,Glaciers de la Vanoise - Traversée en ski de rando,"['glaciers', 'vanoise', 'travers', 'ski', 'rando']",98,478,22
60217648360e2c93568f37bf,cohort_8,SKI DE RANDO - CONFIRMES,http://azimut.ski/fr/trips/glaciers-de-haute-maurienne---ski-de-randonnee,Glaciers de Haute Maurienne - Ski de randonnée,"['glaciers', 'haute', 'maurienne', 'ski', 'randonn']",97,478,22
60213f66360e2c935661b020,cohort_8,SKI DE RANDO - CONFIRMES,http://azimut.ski/fr/trips/grand-paradis-a-ski-de-randonnee-4061m,Grand Paradis à ski de randonnée 4061m,"['grand', 'paradis', 'ski', 'randonn', '4061m']",93,478,22
6021959a360e2c9356d5c7e7,cohort_8,SKI DE RANDO - CONFIRMES,http://azimut.ski/fr/trips/raid-a-ski-cervin---mont-rose---zermatt-4563m,Raid à ski Cervin - Mont Rose - Zermatt 4563m,"['raid', 'ski', 'cervin', 'mont', 'rose', 'zermatt', '4563m']",82,478,22
60213550360e2c9356249173,cohort_8,SKI DE RANDO - CONFIRMES,http://azimut.ski/en/trips/grand-saint-bernard-hospice---skitouring,Grand Saint Bernard Hospice - Ski touring,"['grand', 'saint', 'bernard', 'hospice', 'ski', 'touring']",81,478,22
6023c653360e2c93566f6ff8,cohort_8,SKI DE RANDO - CONFIRMES,http://azimut.ski/fr/trips/pralognan-paradis-savoyard---sejour-ski-de-randonnee-savoie,Ski de randonnée et confort en Vanoise - Savoie,"['ski', 'randonn', 'confort', 'vanoise', 'savoie']",79,478,22
60231e71360e2c93568f0d44,cohort_8,SKI DE RANDO - CONFIRMES,http://azimut.ski/fr/trips/glaciers-de-chamonix---ski-de-randonnee-freerando,Les plus beaux Glaciers de Chamonix - ski de randonnée,"['plus', 'beaux', 'glaciers', 'chamonix', 'ski', 'randonn']",72,478,22
6022b32c360e2c9356793fab,cohort_8,SKI DE RANDO - CONFIRMES,http://azimut.ski/en/trips/domes-de-miage---ski-touring,Domes de Miage - Ski Touring,"['domes', 'miage', 'ski', 'touring']",62,478,22
60218e4f360e2c9356a5f048,cohort_8,SKI DE RANDO - CONFIRMES,http://azimut.ski/fr/trips/stage-ski-randonnee-ubaye-sauvage-sejour-ski-a-ski-de-rando-de-randonnee,Ubaye - La pépite des Alpes du sud en ski de randonnée,"['ubaye', 'p', 'pite', 'alpes', 'sud', 'ski', 'randonn']",52,478,22
60218e2e360e2c9356a4a58a,cohort_8,SKI DE RANDO - CONFIRMES,http://azimut.ski/fr/trips/les-dolomites--ski-de-randonne---en-toile,Les Dolomites à ski de randonnée confort - En étoile,"['dolomites', 'ski', 'randonn', 'confort', 'toile']",47,478,22
602265f2360e2c9356492774,cohort_8,SKI DE RANDO - CONFIRMES,http://azimut.ski/en/trips/great-skitour-aravis---ski-touring-all-comfort,Great skitour Aravis - ski touring (all comfort),"['great', 'skitour', 'aravis', 'ski', 'touring', 'all', 'comfort']",29,478,22
6033ef60360e2c9356d61129,cohort_8,SKI DE RANDO - CONFIRMES,http://azimut.ski/fr/trips/,Sommets du Breithorn et Mont Rose - 4454m,"['sommets', 'breithorn', 'mont', 'rose', '4454m']",6,478,22
60a3843089fe135ad8dbee6b,cohort_7,SKI DE RANDO - ANGLAIS,http://azimut.ski/en/trips/ski-touring-in-karakoram---pakistan,Ski touring in Karakoram - Pakistan,"['ski', 'touring', 'karakoram', 'pakistan']",13,29,32
60b228ad89fe135ad86c88fc,cohort_7,SKI DE RANDO - ANGLAIS,http://azimut.ski/fr/trips/grand-ski-dans-les-aravis---ski-de-randonnee,Grand ski dans les Aravis - ski de randonnée,"['grand', 'ski', 'aravis', 'ski', 'randonn']",11,29,32
6034f846360e2c9356e7eec2,cohort_7,SKI DE RANDO - ANGLAIS,http://azimut.ski/fr/trips/weekend-ski-rando-ecrins---freissinieres-confort,Weekend ski rando Ecrins - Freissinieres confort,"['weekend', 'ski', 'rando', 'ecrins', 'freissinieres', 'confort']",6,29,32
60a452ac89fe135ad80918ae,cohort_7,SKI DE RANDO - ANGLAIS,http://azimut.ski/en/trips/Ski-touring--across-the-Dolomites,Ski touring across the Dolomites,"['ski', 'touring', 'across', 'dolomites']",6,29,32
60a4f8bd89fe135ad8a24f8d,cohort_7,SKI DE RANDO - ANGLAIS,http://azimut.ski/en/trips/Freeriding-in-Georgia---South-Caucasus,Freeride skiing in Georgia - Southern Caucasus,"['freeride', 'skiing', 'georgia', 'southern', 'caucasus']",6,29,32
60d3590ee2f187b2f3759eac,cohort_7,SKI DE RANDO - ANGLAIS,http://azimut.ski/en/trips/Dolomites-skitrip-Ski-Freeride,Freerando & freeride skiing in the Dolomites,"['freerando', 'freeride', 'skiing', 'dolomites']",6,29,32
60cf9809e2f187b2f35b1501,cohort_7,SKI DE RANDO - ANGLAIS,http://azimut.ski/en/trips/freeride-skiing-in-kyrgyzstan,Freeride skiing in Kyrgyzstan - Tien Shan,"['freeride', 'skiing', 'kyrgyzstan', 'tien', 'shan']",6,29,32
60adb2ad89fe135ad8176c02,cohort_7,SKI DE RANDO - ANGLAIS,http://azimut.ski/en/trips/off-piste-gressoney-mt-rose,Freeride skitouring in Gressoney & Monte Rosa (comfort),"['freeride', 'skitouring', 'gressoney', 'monte', 'rosa', 'comfort']",5,29,32
60ae7fe889fe135ad829b220,cohort_7,SKI DE RANDO - ANGLAIS,http://azimut.ski/en/trips/poland---tatras-skitrip-skitouring,Poland - Tatras ski touring safari,"['poland', 'tatras', 'ski', 'touring', 'safari']",5,29,32
60ae8c7489fe135ad83e4bc8,cohort_7,SKI DE RANDO - ANGLAIS,http://azimut.ski/en/trips/iran---zagros-ski-de-randonnee,Iran - Ski Touring in Zagros,"['iran', 'ski', 'touring', 'zagros']",5,29,32
60ae8cef89fe135ad83f1ba4,cohort_7,SKI DE RANDO - ANGLAIS,http://azimut.ski/en/trips/japan---ski-touring-on-rishiri-island-and-hokkaido,Japan ski dream - ski touring on Rishiri & Hokkaido islands,"['japan', 'ski', 'dream', 'ski', 'touring', 'on', 'rishiri', 'hokkaido', 'islands']",5,29,32
60ae892589fe135ad8388d02,cohort_7,SKI DE RANDO - ANGLAIS,http://azimut.ski/en/trips/mont-rose-ascension-a-ski-de-randonnee-4563m,Mont Rose ascent (4563m) - Ski Touring,"['mont', 'rose', 'ascent', '4563m', 'ski', 'touring']",4,29,32
60d8b0e1e2f187b2f326f4c6,cohort_7,SKI DE RANDO - ANGLAIS,http://azimut.ski/en/trips/hiking-the--vallee-blanche--glacier,Glacier hiking - the Vallée Blanche - Chamonix,"['glacier', 'hiking', 'vall', 'blanche', 'chamonix']",4,29,32
61019cf2e2f187b2f3f37463,cohort_7,SKI DE RANDO - ANGLAIS,http://azimut.ski/en/trips/norvege-ski-de-randonnee-dans-les-lofoten,From sea to summit & summit to sea - ski touring in the Lofoten - Norway,"['from', 'sea', 'to', 'summit', 'summit', 'to', 'sea', 'ski', 'touring', 'lofoten', 'norway']",4,29,32
60cd23ece2f187b2f32aec42,cohort_7,SKI DE RANDO - ANGLAIS,http://azimut.ski/en/trips/Freeride-spots-in-Val-d-Aoste---Mont-Blanc-in-Italy,Freeride skiing in Val d&#39,Aoste - Mont Blanc - Italy,4,29,32
60ded991e2f187b2f3c13c3e,cohort_7,SKI DE RANDO - ANGLAIS,http://azimut.ski/en/trips/trip-ski-touring-discovering-la-grave-serre-chevalier,Discover the art of ski touring - La Grave & Serre Chevalier,"['discover', 'art', 'of', 'ski', 'touring', 'grave', 'serre', 'chevalier']",4,29,32
60bf3130e2f187b2f3877c06,cohort_7,SKI DE RANDO - ANGLAIS,http://azimut.ski/en/trips/raid-a-ski-cervin---mont-rose---zermatt-4563m,Ski touring the Matterhorn - Monterosa - Zermatt (4563 m) Haute Route,"['ski', 'touring', 'matterhorn', 'monterosa', 'zermatt', 'haute', 'route']",4,29,32
60b95520626ee634ea957b84,cohort_7,SKI DE RANDO - ANGLAIS,http://azimut.ski/en/trips/chamonix-et-ascension-du-mont-blanc--ski-de-rando,Chamonix and Mont Blanc Ascent - Ski Touring,"['chamonix', 'and', 'mont', 'blanc', 'ascent', 'ski', 'touring']",4,29,32
60d440aae2f187b2f3e77a50,cohort_7,SKI DE RANDO - ANGLAIS,http://azimut.ski/en/trips/skitouring-discovering-frenchalps,Discover ski touring in the French Alps,"['discover', 'ski', 'touring', 'french', 'alps']",3,29,32
60ae897c89fe135ad8391b31,cohort_7,SKI DE RANDO - ANGLAIS,http://azimut.ski/en/trips/traversee-des-ecrins-et-dome---ski-de-randonnee,Ski touring in the Ecrins - Haute Route & Dôme,"['ski', 'touring', 'ecrins', 'haute', 'route', 'me']",3,29,32
60adb99e89fe135ad81a1a0c,cohort_7,SKI DE RANDO - ANGLAIS,http://azimut.ski/en/trips/glaciers-des-ecrins---ski-de-randonnee,Ecrins Glaciers Skitour,"['ecrins', 'glaciers', 'skitour']",3,29,32
60b922e1626ee634ea6b9731,cohort_7,SKI DE RANDO - ANGLAIS,http://azimut.ski/en/trips/genuine-queyras---ski-touring,Genuine Queyras - ski touring,"['genuine', 'queyras', 'ski', 'touring']",3,29,32
60d14152e2f187b2f36c01f8,cohort_7,SKI DE RANDO - ANGLAIS,http://azimut.ski/en/trips/Haute-route-Chamonix-Zermatt-ski-touring,Haute-route Chamonix Zermatt ski touring,"['haute', 'route', 'chamonix', 'zermatt', 'ski', 'touring']",3,29,32
60c1cd02e2f187b2f35f56ea,cohort_7,SKI DE RANDO - ANGLAIS,http://azimut.ski/en/trips/the-powder-trip---elite-freeride-skiing,The Powder Trip - Elite Freeride skiing,"['powder', 'trip', 'elite', 'freeride', 'skiing']",3,29,32
60b2cf9a89fe135ad8328166,cohort_7,SKI DE RANDO - ANGLAIS,http://azimut.ski/en/trips/ascension-du-mont-thabor---vallee-de-la-claree-ski-de-rando,Ski Touring - Mt Thabor ascent,"['ski', 'touring', 'mt', 'thabor', 'ascent']",2,29,32
60c90f6fe2f187b2f33b499f,cohort_7,SKI DE RANDO - ANGLAIS,http://azimut.ski/en/trips/offpiste-val-devero-italy,Ski touring - Val Devero  - Italy,"['ski', 'touring', 'val', 'devero', 'italy']",2,29,32
60d5e8ede2f187b2f3177b5d,cohort_7,SKI DE RANDO - ANGLAIS,http://azimut.ski/en/trips/mountain-biking-tour-queyras,Mountain Biking safari around the Queyras,"['mountain', 'biking', 'safari', 'around', 'queyras']",2,29,32
60d9d61ce2f187b2f34fb439,cohort_7,SKI DE RANDO - ANGLAIS,http://azimut.ski/en/trips/skitouring-val-maira-italy,The secrets of the Val Maira - ski touring (all comfort),"['secrets', 'of', 'val', 'maira', 'ski', 'touring', 'all', 'comfort']",2,29,32
60e688dde2f187b2f3b8c376,cohort_7,SKI DE RANDO - ANGLAIS,http://azimut.ski/en/trips/mont-cervin-freeride---cervinia-and-zermatt-ski-freeride,"Matterhorn, Cervinia & Zermatt - Freeride & Freerando skiing","['matterhorn', 'cervinia', 'zermatt', 'freeride', 'freerando', 'skiing']",1,29,32
60ad094689fe135ad853077b,cohort_7,SKI DE RANDO - ANGLAIS,http://azimut.ski/en/trips/aiguilles-rouges-chamonix---ski-touring,Aiguilles Rouges Chamonix - Ski touring,"['aiguilles', 'rouges', 'chamonix', 'ski', 'touring']",1,29,32
60ae89b889fe135ad8398271,cohort_7,SKI DE RANDO - ANGLAIS,http://azimut.ski/en/trips/etna--ski-touring---italy-sicily,"Ski touring on the Etna volcano - Sicily, Italy","['ski', 'touring', 'on', 'etna', 'volcano', 'sicily', 'italy']",1,29,32
60bd0402e2f187b2f313729b,cohort_7,SKI DE RANDO - ANGLAIS,http://azimut.ski/en/trips/pays-du-viso-val-po---ski-de-randonnee-en-piemont,Mount Viso & Val Po - Ski Touring,"['mount', 'viso', 'val', 'po', 'ski', 'touring']",1,29,32
60226c14360e2c935697af79,cohort_6,VTT ELECTRIQUE - DECOUVERTE,http://azimut.ski/fr/trips/vtt-electrique---balade-ebike-dans-les-plus-belles-vallees-du-brianconnais,VTT Electrique - Balade dans les plus belles vallées du Briançonnais,"['vtt', 'electrique', 'balade', 'plus', 'belles', 'vall', 'es', 'brian', 'onnais']",219,146,4
60215282360e2c935612b98e,cohort_6,VTT ELECTRIQUE - DECOUVERTE,http://azimut.ski/fr/trips/decouverte-des-dolomites-vtt-electrique-confort,VTT Electrique - Stage d&#39,initiation à la découverte des Dolomites,201,146,4
602adea1360e2c935615cb4f,cohort_6,VTT ELECTRIQUE - DECOUVERTE,http://azimut.ski/fr/trips/voyage-vtt-electrique---decouverte-de-l-enduro-sur-le-volcan-de-l-etna---sicile,"Voyage E-bike - Stage d&#39;initiation en Sicile, mer et volcan - E-bike inclus!","['voyage', 'bike', 'stage', 'initiation', 'sicile', 'mer', 'volcan', 'bike', 'inclus']",159,146,4
602953f6360e2c935683bb10,cohort_6,VTT ELECTRIQUE - DECOUVERTE,http://azimut.ski/fr/trips/vtt-electrique---stage-ebike-balade-dans-le-magnifique-piemont-italien,VTT Electrique - Balade dans le magnifique Piémont Italien,"['vtt', 'electrique', 'balade', 'magnifique', 'pi', 'mont', 'italien']",152,146,4
602427f2360e2c9356a14053,cohort_5,VTT ELECTRIQUE,http://azimut.ski/fr/trips/vtt-electrique-enduro---week-end-e-bike-aux-portes-des-ecrins,E-bike Enduro Ecrins - Week-end à la Mecque du VTT,"['bike', 'enduro', 'ecrins', 'week', 'end', 'mecque', 'vtt']",480,661,17
602343ef360e2c9356b691ed,cohort_5,VTT ELECTRIQUE,http://azimut.ski/fr/trips/vtt-electrique---balade-dans-le-brianconnais,VTT Electrique - Week end balade dans le Briançonnais,"['vtt', 'electrique', 'week', 'end', 'balade', 'brian', 'onnais']",243,661,17
6024140d360e2c9356730665,cohort_5,VTT ELECTRIQUE,http://azimut.ski/fr/trips/vtt-electrique-enduro---itinerance-et-shuttles-dans-les-alpes-ligures,"E-bike itinérance - Alpes Ligures à la Mer - hospitalité, confort & singletracks","['bike', 'itin', 'rance', 'alpes', 'ligures', 'mer', 'hospitalit', 'confort', 'singletracks']",237,661,17
60a3848589fe135ad8dc8741,cohort_5,VTT ELECTRIQUE,http://azimut.ski/fr/trips/vtt-electrique-enduro---sentiers-perches-et-farniente-au-lac-de-serre-poncon,E-bike Enduro - Sentiers perchés et farniente au lac de Serre-Ponçon,"['bike', 'enduro', 'sentiers', 'perch', 's', 'farniente', 'lac', 'serre', 'pon', 'on']",222,661,17
602266ad360e2c93565e6346,cohort_5,VTT ELECTRIQUE,http://azimut.ski/fr/trips/vtt-electrique-raid---tour-du-queyras,E-bike Raid - Tour du Queyras façon Azimut,"['bike', 'raid', 'tour', 'queyras', 'fa', 'on', 'azimut']",209,661,17
604f4157360e2c9356196a56,cohort_5,VTT ELECTRIQUE,http://azimut.ski/fr/trips/vtt-electrique---week-end-balade-dans-le-magnifique-piemont-italien,VTT Electrique - Week-end balade dans le magnifique Piémont Italien,"['vtt', 'electrique', 'week', 'end', 'balade', 'magnifique', 'pi', 'mont', 'italien']",176,661,17
60226576360e2c93563ae66b,cohort_5,VTT ELECTRIQUE,http://azimut.ski/fr/trips/vtt-electrique---le-tour-du-mont-blanc,E-bike Raid - Tour du Mont Blanc avec logisticien privé,"['bike', 'raid', 'tour', 'mont', 'blanc', 'logisticien', 'priv']",156,661,17
602721d4360e2c9356f1e788,cohort_5,VTT ELECTRIQUE,http://azimut.ski/fr/trips/e-bike-enduro---la-mecque-de-l-e-bike-au-pays-du-soleil,E-bike Enduro - La Mecque de l&#39,E-bike au pays du soleil,156,661,17
60241308360e2c93566ed95b,cohort_5,VTT ELECTRIQUE,http://azimut.ski/fr/trips/vtt-electrique-enduro---week-end-singletracks-d-exception---alpes-du-sud,E-bike Enduro - Week-end singletracks d&#39,exception - Coeur des Alpes,110,661,17
602412e1360e2c93566e7976,cohort_5,VTT ELECTRIQUE,http://azimut.ski/fr/trips/voyage-en-vtt-electrique---sur-les-mythiques-singles-des-dolomites,E-bike Enduro - Singletracks des Dolomites,"['bike', 'enduro', 'singletracks', 'dolomites']",110,661,17
60271b9b360e2c9356dd47fb,cohort_5,VTT ELECTRIQUE,http://azimut.ski/fr/trips/vtt-electrique-enduro---orgie-de-singles-et-shuttles-dans-lbeaufortain---alpes-du-nord,E-bike Enduro - Orgie de singles et shuttles dans l&#39,Beaufortain - Alpes du Nord,94,661,17
60227ddf360e2c9356fbf83b,cohort_5,VTT ELECTRIQUE,http://azimut.ski/en/trips/e-biking-enduro-trip---perched-tracks-and-relaxation-around-serre-poncon-lake,E-biking Enduro trip - all about perched trails and chilling out around Serre - Poncon Lake,"['biking', 'enduro', 'trip', 'all', 'about', 'perched', 'trails', 'and', 'chilling', 'out', 'around', 'serre', 'poncon', 'lake']",84,661,17
602413c3360e2c9356728c91,cohort_5,VTT ELECTRIQUE,http://azimut.ski/fr/trips/vtt-electrique-enduro---l-incontournable-finale-ligure,E-bike Enduro - Finale Ligure et ses spots secrets,"['bike', 'enduro', 'finale', 'ligure', 'ses', 'spots', 'secrets']",83,661,17
602eb536360e2c9356a3bc5c,cohort_5,VTT ELECTRIQUE,http://azimut.ski/fr/trips/e-bike-enduro---sentiers-sandales-et-soleil-dans-le-tres-fameux-diois,E-bike Enduro - Clairette et bon vélo sous le soleil Diois,"['bike', 'enduro', 'clairette', 'bon', 'v', 'lo', 'sous', 'soleil', 'diois']",79,661,17
6086767f89fe135ad88ee59c,cohort_5,VTT ELECTRIQUE,http://azimut.ski/fr/trips/e-bike-raid---la-traversee-des-alpes-des-cimes-a-la-mer,"E-Bike raid - La traversée des Alpes, des cimes à la mer","['bike', 'raid', 'travers', 'alpes', 'cimes', 'mer']",23,661,17
602496c7360e2c9356c0afc8,cohort_5,VTT ELECTRIQUE,http://azimut.ski/fr/trips/vtt-electrique-enduro---week-end---spots-secrets-du-queyras,VTT Electrique Enduro - Week end - Spots Secrets du Queyras,"['vtt', 'electrique', 'enduro', 'week', 'end', 'spots', 'secrets', 'queyras']",13,661,17
608a5f1889fe135ad807d3d0,cohort_5,VTT ELECTRIQUE,http://azimut.ski/fr/trips/e-bike-raid---face-au-mont-blanc,E-bike Raid - Face au Mont Blanc,"['bike', 'raid', 'face', 'mont', 'blanc']",10,661,17
6021795b360e2c9356b7bb64,cohort_4,GRAVEL,http://azimut.ski/fr/trips/traversee-des-alpes---gravel-bike-velo-de-route,"Traversée des Alpes - Gravel Bike, Vélo de route","['travers', 'alpes', 'gravel', 'bike', 'v', 'lo', 'route']",126,109,6
60217a9b360e2c9356c5d9d6,cohort_4,GRAVEL,http://azimut.ski/fr/trips/gravel-bike---voyage-au-kirghizstan,"Kirgistan - Route de la Soie - Gravel Bike, vélo de route","['kirgistan', 'route', 'soie', 'gravel', 'bike', 'v', 'lo', 'route']",64,109,6
6021797d360e2c9356b99e33,cohort_4,GRAVEL,http://azimut.ski/fr/trips/maroc---voyage-sur-l-atlas---gravel-bike-velo-de-route,"Maroc - Voyage sur l&#39;Atlas - Gravel Bike, vélo de route","['maroc', 'voyage', 'sur', 'atlas', 'gravel', 'bike', 'v', 'lo', 'route']",63,109,6
6022235d360e2c9356a8a659,cohort_4,GRAVEL,http://azimut.ski/fr/trips/gravel-bike---voyage-au-pakistan,"Pakistan - Route de la Soie / Karakoram Highway (KKH) - Gravel Bike, vélo de route","['pakistan', 'route', 'soie', 'karakoram', 'highway', 'kkh', 'gravel', 'bike', 'v', 'lo', 'route']",57,109,6
6028e2b3360e2c9356ce5ce7,cohort_4,GRAVEL,http://azimut.ski/fr/trips/maroc---entre-grand-sud-et-desert---gravel-bike-velo-de-route,"Maroc - Entre Grand Sud et Désert - Gravel Bike, vélo de route","['maroc', 'entre', 'grand', 'sud', 'sert', 'gravel', 'bike', 'v', 'lo', 'route']",37,109,6
60217b45360e2c9356cd4554,cohort_4,GRAVEL,http://azimut.ski/fr/trips/bolivie---gravel-bike-velo-de-route,"Bolivie - La route des Joyaux - Gravel Bike, vélo de route","['bolivie', 'route', 'joyaux', 'gravel', 'bike', 'v', 'lo', 'route']",11,109,6
605c6d1f89fe135ad8d975df,cohort_3,VTT ENDURO,http://azimut.ski/fr/trips/vtt-itinerance---alpes-ligures-a-la-mer---hospitalite-confort--singletracks,"VTT itinérance - Alpes Ligures à la Mer - hospitalité, confort & singletracks","['vtt', 'itin', 'rance', 'alpes', 'ligures', 'mer', 'hospitalit', 'confort', 'singletracks']",566,1625,15
6023bda6360e2c93563e3c87,cohort_3,VTT ENDURO,http://azimut.ski/fr/trips/vtt-enduro-facile---initiation-dans-les-alpes-du-sud---avec-deposes-navettes,VTT Enduro facile -Stage de pilotage dans les Alpes du Sud - déposes navettes!,"['vtt', 'enduro', 'facile', 'stage', 'pilotage', 'alpes', 'sud', 'poses', 'navettes']",537,1625,15
602170fa360e2c93564e05ec,cohort_3,VTT ENDURO,http://azimut.ski/fr/trips/vtt-tour-du-queyras,VTT Raid - Tour du Queyras façon Azimut,"['vtt', 'raid', 'tour', 'queyras', 'fa', 'on', 'azimut']",531,1625,15
6023436c360e2c9356b6343f,cohort_3,VTT ENDURO,http://azimut.ski/fr/trips/weekend-vtt-enduro-singletracks-queyras,VTT Enduro - Spots Secrets du Queyras et soirées conforts,"['vtt', 'enduro', 'spots', 'secrets', 'queyras', 'soir', 'es', 'conforts']",486,1625,15
6023f9ee360e2c9356d21bb1,cohort_3,VTT ENDURO,http://azimut.ski/fr/trips/vtt-enduro---deposes-navettes-singletracks-et-farniente-au-lac-de-serre-poncon,"VTT Enduro - Déposes navettes, singles et farniente au lac Serre-Ponçon","['vtt', 'enduro', 'poses', 'navettes', 'singles', 'farniente', 'lac', 'serre', 'pon', 'on']",407,1625,15
60216283360e2c9356ec4fa0,cohort_3,VTT ENDURO,http://azimut.ski/fr/trips/vtt-enduro---incontournable-finale-ligure,VTT Enduro - Finale Ligure et ses spots secrets,"['vtt', 'enduro', 'finale', 'ligure', 'ses', 'spots', 'secrets']",336,1625,15
602404ba360e2c93562dd1e5,cohort_3,VTT ENDURO,http://azimut.ski/fr/trips/vtt-all-mountain-initiation-dans-le-brianconnais,VTT facile -  Initiation dans le Briançonnais,"['vtt', 'facile', 'initiation', 'brian', 'onnais']",286,1625,15
609beb2089fe135ad8733be2,cohort_3,VTT ENDURO,http://azimut.ski/fr/trips/sejour-vtt-all-mountain-brianconnais-ecrins,VTT All Mountain- 6 jours de ride dans les Ecrins,"['vtt', 'all', 'mountain', 'jours', 'ride', 'ecrins']",269,1625,15
609d36bf89fe135ad8d983eb,cohort_3,VTT ENDURO,http://azimut.ski/fr/trips/vtt-all-mountain---jours-de-ride-dans-les-ecrins,VTT All Mountain- 3 jours de ride dans les Ecrins,"['vtt', 'all', 'mountain', 'jours', 'ride', 'ecrins']",263,1625,15
60230351360e2c93562e8b62,cohort_3,VTT ENDURO,http://azimut.ski/fr/trips/week-end-enduro-ride-dans-les-ecrins,VTT Enduro - Week end Ride dans les Ecrins avec déposes navettes,"['vtt', 'enduro', 'week', 'end', 'ride', 'ecrins', 'poses', 'navettes']",245,1625,15
602307a0360e2c93563dbc71,cohort_3,VTT ENDURO,http://azimut.ski/fr/trips/vtt-enduro---paradis-du-singletracks-sous-le-soleil-du-fameux-diois,VTT Enduro - Paradis du singletracks et déposes sur le spot du Diois,"['vtt', 'enduro', 'paradis', 'singletracks', 'poses', 'sur', 'spot', 'diois']",229,1625,15
602a940a360e2c9356ca9620,cohort_3,VTT ENDURO,http://azimut.ski/fr/trips/vtt---decouverte-des-meilleurs-sentiers-et-initiation-pilotage-vtt,VTT facile -Découverte des meilleurs sentiers Briançonnais- confort,"['vtt', 'facile', 'couverte', 'meilleurs', 'sentiers', 'brian', 'onnais', 'confort']",217,1625,15
602152a6360e2c9356135404,cohort_3,VTT ENDURO,http://azimut.ski/fr/trips/vtt-raid---tour-du-mont-blanc,VTT Raid - Le mythique Tour du Mont Blanc avec logisticien privé,"['vtt', 'raid', 'mythique', 'tour', 'mont', 'blanc', 'logisticien', 'priv']",213,1625,15
6022a1c3360e2c9356f63b18,cohort_3,VTT ENDURO,http://azimut.ski/fr/trips/vtt-enduro---orgie-de-singles-et-shuttles-dans-l-beaufortain---alpes-du-nord,VTT Enduro - Orgie de singles et shuttles dans l&#39,Beaufortain - Alpes du Nord,182,1625,15
602180bd360e2c93560cf222,cohort_3,VTT ENDURO,http://azimut.ski/fr/trips/vtt-enduro-ecrins,VTT Enduro Ecrins - La Mecque de l&#39,Enduro avec déposes navettes,181,1625,15
60216903360e2c9356171740,cohort_2,FREERIDE,http://azimut.ski/fr/trips/dolomites-skitrip---ski-freeride-freerando,Dolomites skitrip - Ski Freeride freerando,"['dolomites', 'skitrip', 'ski', 'freeride', 'freerando']",56,43,7
608abc4689fe135ad82f3a6e,cohort_2,FREERIDE,http://azimut.ski/fr/trips/le-powder-trip-en-petit-comite--ski-freeride,Le Powder Trip en petit comité- Ski Freeride,"['powder', 'trip', 'petit', 'comit', 'ski', 'freeride']",47,43,7
6023d505360e2c9356ad1923,cohort_2,FREERIDE,http://azimut.ski/en/trips/chamonix---verbier---zermatt---freetour-skiing---confort,Freeride skiing trilogy Chamonix - Verbier - Zermatt - All Comfort,"['freeride', 'skiing', 'trilogy', 'chamonix', 'verbier', 'zermatt', 'all', 'comfort']",19,43,7
60242589360e2c93569bdaae,cohort_2,FREERIDE,http://azimut.ski/fr/trips/mont-cervin-freeride---cervinia-et-zermatt---ski-freeride-rando,Ski Freeride-rando autour du Cervin Matterhorn - Cervinia et Zermatt,"['ski', 'freeride', 'rando', 'autour', 'cervin', 'matterhorn', 'cervinia', 'zermatt']",19,43,7
6023cc3f360e2c9356898d5b,cohort_2,FREERIDE,http://azimut.ski/fr/trips/madesimo-freeride-trip---ski-freerando---confort,Valchiavenna & Livigno Freeride Trip - Ski Freerando - Italie,"['valchiavenna', 'livigno', 'freeride', 'trip', 'ski', 'freerando', 'italie']",16,43,7
6023d5c1360e2c9356af9662,cohort_2,FREERIDE,http://azimut.ski/fr/trips/spots-freeride-du-val-d-aoste---mont-blanc-italien,Ski freeride - Les plus beaux spots du Val d&#39,Aoste - Mont Blanc italien,16,43,7
6023d148360e2c9356a23103,cohort_2,FREERIDE,http://azimut.ski/en/trips/the-best-of-freeriding-in-aravis-la-clusaz-le-grand-bornand,The best of freeriding in Aravis La Clusaz Le grand Bornand,"['best', 'of', 'freeriding', 'aravis', 'clusaz', 'grand', 'bornand']",11,43,7
60ba66f5e2f187b2f339cc6f,cohort_15,VTT ELECTRIQUE - ANGLAIS,http://azimut.ski/en/trips/electric-bike-enduro--easy-week-end-at-the-gates-to-ecrin,E-bike Enduro Ecrins - an easy-going weekend in mountain biker&#39,s paradise,9,7,8
60a6003089fe135ad8cfaa5e,cohort_15,VTT ELECTRIQUE - ANGLAIS,http://azimut.ski/en/trips/ebiking-around-the-mont-blanc,E-Biking around the Mont Blanc,"['biking', 'around', 'mont', 'blanc']",9,7,8
60bfc51de2f187b2f34b84b6,cohort_15,VTT ELECTRIQUE - ANGLAIS,http://azimut.ski/en/trips/electric-bike-enduro---a-week-end-on-mental-singletracks---south-alps,E-bike Enduro - a short break on the ultimate singletracks - in the sunny French Alps,"['bike', 'enduro', 'short', 'break', 'on', 'ultimate', 'singletracks', 'sunny', 'french', 'alps']",5,7,8
60aeb63589fe135ad8882475,cohort_15,VTT ELECTRIQUE - ANGLAIS,http://azimut.ski/en/trips/mtb-enduro-il-famoso-finale-ligure,MTB Enduro - Il famoso Finale Ligure - Comfort,"['mtb', 'enduro', 'famoso', 'finale', 'ligure', 'comfort']",4,7,8
60af575189fe135ad804fc15,cohort_15,VTT ELECTRIQUE - ANGLAIS,http://azimut.ski/en/trips/e-biking-trip-on-the-dolomites-mythical-singles,E-Biking Enduro trip on the Dolomites mythical singles,"['biking', 'enduro', 'trip', 'on', 'dolomites', 'mythical', 'singles']",4,7,8
60b282e489fe135ad8dc9430,cohort_15,VTT ELECTRIQUE - ANGLAIS,http://azimut.ski/en/trips/ebike-in-enduro-mecca---country-of-the-sun,Ebike in enduro mecca - country of the sun,"['ebike', 'enduro', 'mecca', 'country', 'of', 'sun']",3,7,8
60bfd377e2f187b2f37b4d84,cohort_15,VTT ELECTRIQUE - ANGLAIS,http://azimut.ski/en/trips/mountain-bike-tour---around-the-queyras,E-Mountain Biking Safari - Queyras,"['mountain', 'biking', 'safari', 'queyras']",3,7,8
60b07eeb89fe135ad8898525,cohort_15,VTT ELECTRIQUE - ANGLAIS,http://azimut.ski/en/trips/the-basics-of-mountain-biking-in-serre-chevalier-valley,E-mountain biking - The basics in Serre Chevalier Valley,"['mountain', 'biking', 'basics', 'serre', 'chevalier', 'valley']",2,7,8
60b07eb389fe135ad8894405,cohort_14,VTT - ANGLAIS,http://azimut.ski/en/trips/mountain-biking-queyras-france,"Enduro MTB - Queyras, a long weekend in mountain biking heaven","['enduro', 'mtb', 'queyras', 'long', 'weekend', 'mountain', 'biking', 'heaven']",13,7,4
60bd049be2f187b2f315717e,cohort_14,VTT - ANGLAIS,http://azimut.ski/en/trips/mountain-biking-enduro-ecrins-france,MTB in enduro mecca - the Ecrins foothills,"['mtb', 'enduro', 'mecca', 'ecrins', 'foothills']",6,7,4
60c9bdf8e2f187b2f3150e83,cohort_14,VTT - ANGLAIS,http://azimut.ski/en/trips/enduro-week-end-in-ecrins,MTB Enduro - Weekend Enduro essentials in Serre Chevalier Valley,"['mtb', 'enduro', 'weekend', 'enduro', 'essentials', 'serre', 'chevalier', 'valley']",3,7,4
60b2389589fe135ad87f9905,cohort_14,VTT - ANGLAIS,http://azimut.ski/en/trips/electric-mtb-enduro---il-famoso-finale-ligure---comfort,Electric MTB Enduro - Il famoso Finale Ligure - Comfort,"['electric', 'mtb', 'enduro', 'famoso', 'finale', 'ligure', 'comfort']",1,7,4
602be399360e2c93560fe1c3,cohort_13,VIA FERRATA,http://azimut.ski/fr/trips/Via-ferrata-Dolomite-Cortina-d-Ampezzo,Via Ferrata Dolomites - Cortina d&#39,Ampezzo,42,12,4
60231a1c360e2c9356854969,cohort_13,VIA FERRATA,http://azimut.ski/fr/trips/via-ferrata-des-ecrins,Via ferrata des Ecrins,"['via', 'ferrata', 'ecrins']",23,12,4
602be39f360e2c93560febe6,cohort_13,VIA FERRATA,http://azimut.ski/fr/trips/via-ferrata-dans-le-stubai---le-tyrol-vu-d-en-haut,Via ferrata Stubai - Le Tyrol vu d&#39,en haut,23,12,4
602be395360e2c93560fd260,cohort_13,VIA FERRATA,http://azimut.ski/fr/trips/week-end-via-ferrata-des-ecrins,Week-end Via ferrata dans les Ecrins,"['week', 'end', 'via', 'ferrata', 'ecrins']",13,12,4
60b40b0089fe135ad8a20163,cohort_12,ALPINISME - ANGLAIS,http://azimut.ski/en/trips/mont-rose-4000-alpinisme-italie,Monte Rosa and its 4000 m summits  - Mountaineering,"['monte', 'rosa', 'and', 'its', 'summits', 'mountaineering']",32,25,7
60a3dd6b89fe135ad86b68c3,cohort_12,ALPINISME - ANGLAIS,http://azimut.ski/en/trips/ascension-of-mt-blanc-voie-normale-4-days,Mont Blanc ascent with preparatory workshop: classic route - 4 days,"['mont', 'blanc', 'ascent', 'with', 'preparatory', 'workshop', 'classic', 'route', 'days']",25,25,7
60ba8ae9e2f187b2f3cc32c8,cohort_12,ALPINISME - ANGLAIS,http://azimut.ski/en/trips/Crossing-over-mountains-Cervin-to-Mt-Rose,An alpine crossing from the Matterhorn to the Monte Rosa,"['an', 'alpine', 'crossing', 'from', 'matterhorn', 'to', 'monte', 'rosa']",9,25,7
60bb7012e2f187b2f3fe8b8a,cohort_12,ALPINISME - ANGLAIS,http://azimut.ski/en/trips/objectif--the-domes-de-miage,Climb the Dômes de Miage - Mountaineering,"['climb', 'mes', 'miage', 'mountaineering']",7,25,7
60bc8b36e2f187b2f391f371,cohort_12,ALPINISME - ANGLAIS,http://azimut.ski/en/trips/glacier-walk-ecrins-france,Glacier walking - the Ecrins Haute Route,"['glacier', 'walking', 'ecrins', 'haute', 'route']",7,25,7
60b3b71789fe135ad817b779,cohort_12,ALPINISME - ANGLAIS,http://azimut.ski/en/trips/introduction-course-facing-the-dome-des-ecrins--m---mountaineering,Introduction course facing the Dôme des Ecrins (4015 m) - Mountaineering,"['introduction', 'course', 'facing', 'me', 'ecrins', 'mountaineering']",5,25,7
60a56ef789fe135ad86ad4ff,cohort_12,ALPINISME - ANGLAIS,http://azimut.ski/en/trips/chamonix---zermatt,The best parts of the Chamonix - Zermatt route - Mountaineering,"['best', 'parts', 'of', 'chamonix', 'zermatt', 'route', 'mountaineering']",5,25,7
602331c7360e2c9356a4976a,cohort_11,FREERIDE - INITIATION,http://azimut.ski/fr/trips/week-end-apprendre-le-ski-freeride---grenoble,Week-end découverte ski freeride en Belledonne,"['week', 'end', 'couverte', 'ski', 'freeride', 'belledonne']",50,32,6
6022a139360e2c9356f3b536,cohort_11,FREERIDE - INITIATION,http://azimut.ski/fr/trips/apprenez-le-ski-freeride---sestriere---italie,Découverte du ski freeride - Piémont Italien,"['couverte', 'ski', 'freeride', 'pi', 'mont', 'italien']",44,32,6
6021496a360e2c9356dd104c,cohort_11,FREERIDE - INITIATION,http://azimut.ski/fr/trips/week-end-decouverte-ski-freeride---chamonix-mont-blanc,Week-end initiation ski freerando - Chamonix Mont Blanc,"['week', 'end', 'initiation', 'ski', 'freerando', 'chamonix', 'mont', 'blanc']",40,32,6
6023d10b360e2c9356a1bf35,cohort_11,FREERIDE - INITIATION,http://azimut.ski/fr/trips/initiation-dans-les-dolomites---ski-freeride-freerando,Initiation dans les Dolomites - Ski Freeride freerando,"['initiation', 'dolomites', 'ski', 'freeride', 'freerando']",23,32,6
6023d3dc360e2c9356a9864a,cohort_11,FREERIDE - INITIATION,http://azimut.ski/fr/trips/initiation-ski-freeride-vanoise--3-vallees---savoie---france,Initiation ski freeride 3 Vallées - Vanoise - Savoie,"['initiation', 'ski', 'freeride', 'vall', 'es', 'vanoise', 'savoie']",18,32,6
60a6435889fe135ad83639bf,cohort_11,FREERIDE - INITIATION,http://azimut.ski/fr/trips/week-end--freeride---chamonix-mont-blanc,Week-end 100% Freeride - Chamonix Mont Blanc,"['week', 'end', 'freeride', 'chamonix', 'mont', 'blanc']",12,32,6
602148b1360e2c9356d5c228,cohort_1,ALPINISME,http://azimut.ski/fr/trips/ascension-du-mont-blanc-avec-preparation---voie-normale-m--6--jours,Ascension du Mont Blanc avec préparation - Voie Normale (4810m) - 6 jours,"['ascension', 'mont', 'blanc', 'pr', 'paration', 'voie', 'normale', '4810m', 'jours']",1142,2471,13
60243208360e2c9356c4d7e6,cohort_1,ALPINISME,http://azimut.ski/fr/trips/les-4000-du-mont-rose,Les 4000 du Mont Rose - Alpinisme,"['mont', 'rose', 'alpinisme']",1046,2471,13
60223b7c360e2c9356276c69,cohort_1,ALPINISME,http://azimut.ski/fr/trips/objectif-grand-paradis-4061m,Objectif Grand Paradis (4061m) - Alpinisme,"['objectif', 'grand', 'paradis', '4061m', 'alpinisme']",747,2471,13
602144bf360e2c9356a22955,cohort_1,ALPINISME,http://azimut.ski/fr/trips/stage-d-initiation-face-au-dome-des-ecrins-m---alpinisme,Stage d&#39,initiation face au Dôme des Ecrins (4015m) - Alpinisme,744,2471,13
60222bca360e2c9356d1d4f8,cohort_1,ALPINISME,http://azimut.ski/fr/trips/ascension-du-mont-blanc-avec-preparation---voie-normale---4-jours,Ascension du Mont Blanc avec préparation - Voie Normale - 4 jours,"['ascension', 'mont', 'blanc', 'pr', 'paration', 'voie', 'normale', 'jours']",554,2471,13
602144c6360e2c9356a26b6c,cohort_1,ALPINISME,http://azimut.ski/fr/trips/objectif-les-domes-de-miage,Objectif les Dômes de Miage  - Alpinisme,"['objectif', 'mes', 'miage', 'alpinisme']",505,2471,13
602288ac360e2c93565780c2,cohort_1,ALPINISME,http://azimut.ski/fr/trips/traversee-des-ecrins-randonnee-glaciaire,Haute Route des Ecrins - Belle traversée en randonnée glaciaire,"['haute', 'route', 'ecrins', 'belle', 'travers', 'randonn', 'glaciaire']",407,2471,13
6027dedc360e2c9356cc7053,cohort_1,ALPINISME,http://azimut.ski/fr/trips/du-cervin-au-mt-rose---traversee-alpinisme-4554m,Du Cervin au Mont Rose - La traversée en alpinisme,"['cervin', 'mont', 'rose', 'travers', 'alpinisme']",370,2471,13
602442c9360e2c9356e739a0,cohort_1,ALPINISME,http://azimut.ski/fr/trips/stage-d-initiation-au-coeur-des-glaciers-du-parc-national-de-la-vanoise---alpinisme,Stage d&#39,initiation au cœur des glaciers du Parc National de la Vanoise - Alpinisme,367,2471,13
6021bd9a360e2c9356dd264b,cohort_1,ALPINISME,http://azimut.ski/fr/trips/la-vallee-blanche-en-randonnee-glaciaire,Randonnée glaciaire - Vallée Blanche et glaciers mythiques,"['randonn', 'glaciaire', 'vall', 'blanche', 'glaciers', 'mythiques']",302,2471,13
6023fa6a360e2c9356d59b44,cohort_1,ALPINISME,http://azimut.ski/fr/trips/haute-maurienne-albaron-alpinisme,Haute Maurienne : traversée glaciaire hors du temps et sommet de l&#39,Albaron - Alpinisme,225,2471,13
60243fa0360e2c9356dfd885,cohort_1,ALPINISME,http://azimut.ski/fr/trips/chamonix---zermatt,Les plus belles étapes du Chamonix - Zermatt - Alpinisme,"['plus', 'belles', 'tapes', 'chamonix', 'zermatt', 'alpinisme']",218,2471,13
602b2494360e2c93565af92c,cohort_1,ALPINISME,http://azimut.ski/fr/trips/grand-paradis--m-alpinisme,Grand Paradis (4061m) - Alpinisme,"['grand', 'paradis', '4061m', 'alpinisme']",92,2471,13
602139f0360e2c935641cd2d,cohort_0,SKI DE RANDO - INITIATION,http://azimut.ski/fr/trips/cervieres-brianconnais-sauvage---initiation-ski-rando,Découverte du ski rando au Col d&#39,Izoard,171,225,8
6021431b360e2c93568e2197,cohort_0,SKI DE RANDO - INITIATION,http://azimut.ski/fr/trips/sejour-decouverte-ski-de-randonnee---la-grave-et-serre-chevalier,Découverte du ski de rando - La Grave et Serre Chevalier,"['couverte', 'ski', 'rando', 'grave', 'serre', 'chevalier']",160,225,8
60213c5d360e2c93564e0afb,cohort_0,SKI DE RANDO - INITIATION,http://azimut.ski/fr/trips/week-end-decouverte-du-ski-de-rando---vanoise,Découverte du ski de rando - Vanoise,"['couverte', 'ski', 'rando', 'vanoise']",154,225,8
60219cb8360e2c9356048974,cohort_0,SKI DE RANDO - INITIATION,http://azimut.ski/fr/trips/weekend-decouverte-ski-rando-savoie-beaufortain---initiation-ski-rando,Weekend découverte du ski rando confort - Beaufortain - Savoie,"['weekend', 'couverte', 'ski', 'rando', 'confort', 'beaufortain', 'savoie']",90,225,8
60214004360e2c935668ef68,cohort_0,SKI DE RANDO - INITIATION,http://azimut.ski/fr/trips/sejour-initiation-ski-de-randonnee-en-beaufortain---ski-de-randonnee-en-savoie,Séjour initiation ski de randonnée - Beaufortain  - Savoie,"['s', 'jour', 'initiation', 'ski', 'randonn', 'beaufortain', 'savoie']",68,225,8
60215596360e2c93563179f7,cohort_0,SKI DE RANDO - INITIATION,http://azimut.ski/fr/trips/sejour-decouverte-ski-de-randonnee---chamonix-mont-blanc---formule-confort,Séjour découverte ski de randonnée confort - Chamonix Mont-blanc,"['s', 'jour', 'couverte', 'ski', 'randonn', 'confort', 'chamonix', 'mont', 'blanc']",53,225,8
60216ff6360e2c935642bbda,cohort_0,SKI DE RANDO - INITIATION,http://azimut.ski/fr/trips/sejour-decouverte-ski-de-randonnee---chamonix-mont-blanc,Séjour découverte ski de randonnée - Chamonix Mont-blanc,"['s', 'jour', 'couverte', 'ski', 'randonn', 'chamonix', 'mont', 'blanc']",52,225,8
6023095a360e2c935643a691,cohort_0,SKI DE RANDO - INITIATION,http://azimut.ski/fr/trips/sjour-dcouverte-du-ski-de-rando---chamonix-mont-blanc,Weekend découverte du ski de rando - Chamonix Mont Blanc,"['weekend', 'couverte', 'ski', 'rando', 'chamonix', 'mont', 'blanc']",12,225,8
603fb6b1360e2c9356216f99,cohort_-1,PRODUITS ISOLES,http://azimut.ski/fr/trips/bike---journees-shuttle---enduro-made-in-hautes-alpes,Bike - Journées Shuttle - Enduro made in Hautes-Alpes,"['bike', 'journ', 'es', 'shuttle', 'enduro', 'made', 'hautes', 'alpes']",255,562,83
60214c3b360e2c9356f06400,cohort_-1,PRODUITS ISOLES,http://azimut.ski/fr/trips/ascension-du-mont-blanc-avec-preparation---versant-italien----jours,Ascension du Mont Blanc avec préparation - Versant Italien - 4 jours,"['ascension', 'mont', 'blanc', 'pr', 'paration', 'versant', 'italien', 'jours']",186,562,83
602146ca360e2c9356be0d60,cohort_-1,PRODUITS ISOLES,http://azimut.ski/fr/trips/traversee-des-dolomites---ski-de-randonnee,Traversée des Dolomites - Ski de randonnée,"['travers', 'dolomites', 'ski', 'randonn']",145,562,83
6021331a360e2c93561b6723,cohort_-1,PRODUITS ISOLES,http://azimut.ski/fr/trips/fjords-sauvages-islande---ski-de-randonnee,Fjords sauvages d&#39,Islande - Ski de randonnée,122,562,83
6022a1b9360e2c9356f61c57,cohort_-1,PRODUITS ISOLES,http://azimut.ski/fr/trips/voyage-vtt-enduro---singletracks-lunaires-sur-l-etna---avec-depose-navettes,Voyage VTT Enduro - Singletracks lunaires sur l&#39,Etna - déposes navettes!,121,562,83
602173d8360e2c935670e967,cohort_-1,PRODUITS ISOLES,http://azimut.ski/fr/trips/autre-route---chamonix-zermatt-raid-mythique-en-ski-de-randonnee,L&#39,autre route - Chamonix-Zermatt raid mythique en ski de randonnée,108,562,83
6021331c360e2c93561ba176,cohort_-1,PRODUITS ISOLES,http://azimut.ski/fr/trips/bateau-ski-de-randonnee---alpes-de-lyngen,Bateau & ski de randonnée - Alpes de Lyngen - Norvège,"['bateau', 'ski', 'randonn', 'alpes', 'lyngen', 'norv', 'ge']",100,562,83
60213290360e2c9356113bc4,cohort_-1,PRODUITS ISOLES,http://azimut.ski/fr/trips/norvege-ski-de-randonnee-dans-les-lofoten,"Norvège, ski de randonnée dans les Lofoten","['norv', 'ge', 'ski', 'randonn', 'lofoten']",98,562,83
602131b4360e2c935609f70f,cohort_-1,PRODUITS ISOLES,http://azimut.ski/fr/trips/ascension-damavand-5671m-ski-de-randonnee,Ascension Damavand 5671m - ski de randonnée,"['ascension', 'damavand', '5671m', 'ski', 'randonn']",86,562,83
60213328360e2c93561c85ae,cohort_-1,PRODUITS ISOLES,http://azimut.ski/fr/trips/peninsule-des-trolls---ski-de-randonnee,La mystérieuse péninsule des trolls - L&#39,Islande à ski de randonnée,76,562,83
603d2f46360e2c9356403255,cohort_-1,PRODUITS ISOLES,http://azimut.ski/fr/trips/chamonix---decouverte-douce-de-la-haute-montagne,Chamonix - Découverte douce de la haute montagne,"['chamonix', 'couverte', 'douce', 'haute', 'montagne']",72,562,83
60225a68360e2c9356c8ebe7,cohort_-1,PRODUITS ISOLES,http://azimut.ski/fr/trips/queyras-magique-en-ski-de-randonnee,Ambiance bout du monde en Queyras profond - Ski de randonnée,"['ambiance', 'bout', 'monde', 'queyras', 'profond', 'ski', 'randonn']",69,562,83
6021739a360e2c93566e7e70,cohort_-1,PRODUITS ISOLES,http://azimut.ski/fr/trips/vallees-secretes-du-val-maira---ski-randonnee-,Vallées secrètes du Val Maira version confort- ski de randonnée,"['vall', 'es', 'secr', 'tes', 'val', 'maira', 'version', 'confort', 'ski', 'randonn']",63,562,83
6021adee360e2c93567483df,cohort_-1,PRODUITS ISOLES,http://azimut.ski/fr/trips/sejour-ski-de-rando-itinerant-confort-en-vallee-d-aoste---monte-rosa-pizza-pasta-polenta,Raid ski de rando en Vallée d&#39,Aoste - Italie,55,562,83
602133f8360e2c93561fdc3f,cohort_-1,PRODUITS ISOLES,http://azimut.ski/fr/trips/georgie---svanetie-joyau-du-ski-de-rando,"Georgie - Svanetie, joyau du ski de rando","['georgie', 'svanetie', 'joyau', 'ski', 'rando']",55,562,83
602178cc360e2c9356b0739f,cohort_-1,PRODUITS ISOLES,http://azimut.ski/fr/trips/val-devero---ski-de-randonnee---italie,Ski de randonnée - Val Devero - Italie,"['ski', 'randonn', 'val', 'devero', 'italie']",52,562,83
60214f64360e2c93560046cf,cohort_-1,PRODUITS ISOLES,http://azimut.ski/fr/trips/journee-decouverte-du-ski-rando-au-col-dizoard,Journée Découverte du ski rando au Col d&#39,Izoard,49,562,83
6022e9d8360e2c9356a45665,cohort_-1,PRODUITS ISOLES,http://azimut.ski/fr/trips/beaufortain-confort---ski-de-randonnee-en-savoie,Ski de randonnée dans le Beaufortain - Savoie,"['ski', 'randonn', 'beaufortain', 'savoie']",49,562,83
60213f04360e2c93565f0842,cohort_-1,PRODUITS ISOLES,http://azimut.ski/fr/trips/etna-en-ski-de-randonnee---italie-sicile,Etna en ski de randonnée - Sicile -Italie,"['etna', 'ski', 'randonn', 'sicile', 'italie']",47,562,83
60a3ddc389fe135ad86be7a6,cohort_-1,PRODUITS ISOLES,http://azimut.ski/en/trips/ascension-of-mt-blanc-with-preparatory-workshop-voie-normale-6-days,Mont Blanc ascent with preparatory workshop - classic route - 6 days,"['mont', 'blanc', 'ascent', 'with', 'preparatory', 'workshop', 'classic', 'route', 'days']",43,562,83
6027b01c360e2c9356418075,cohort_-1,PRODUITS ISOLES,http://azimut.ski/fr/trips/mont-blanc-normale,Ascension du Mont Blanc avec préparation - Voie Normale - 4 jours,"['ascension', 'mont', 'blanc', 'pr', 'paration', 'voie', 'normale', 'jours']",42,562,83
6092a77e89fe135ad84dd5d1,cohort_-1,PRODUITS ISOLES,http://azimut.ski/fr/trips/journee-decouverte-de-l-e-bike-autour-de-cervieres,Journée découverte de l&#39,E-Bike autour de Cervières,41,562,83
602132d0360e2c9356135adb,cohort_-1,PRODUITS ISOLES,http://azimut.ski/fr/trips/weekend-chasseur-de-poudre---ski-freeride---ski-elite,Weekend Chasseur de Poudre - Ski Freeride,"['weekend', 'chasseur', 'poudre', 'ski', 'freeride']",41,562,83
60a41d3589fe135ad8d27877,cohort_-1,PRODUITS ISOLES,http://azimut.ski/fr/trips/osez-l-autonomie-en-montagne-alpinisme,Devenir autonome en montagne - Alpinisme,"['devenir', 'autonome', 'montagne', 'alpinisme']",41,562,83
6021932a360e2c9356cc4781,cohort_-1,PRODUITS ISOLES,http://azimut.ski/fr/trips/armenie-la-perle-ex-soviet-du-caucase,"Volcans d&#39;Arménie à ski de rando, la perle ex-soviet du Caucase","['volcans', 'arm', 'nie', 'ski', 'rando', 'perle', 'ex', 'soviet', 'caucase']",39,562,83
60217755360e2c93569c9fb3,cohort_-1,PRODUITS ISOLES,http://azimut.ski/fr/trips/ski-de-randonnee---sestriere---italie,Ski de Randonnée - Weekend dans le Piémont,"['ski', 'randonn', 'weekend', 'pi', 'mont']",39,562,83
60213238360e2c93560e5a9f,cohort_-1,PRODUITS ISOLES,http://azimut.ski/en/trips/silvretta-ski-de-rando---raid-confort-en-ski-de-randonnee,Ski touring across the Silvretta,"['ski', 'touring', 'across', 'silvretta']",38,562,83
6024264a360e2c93569dff2b,cohort_-1,PRODUITS ISOLES,http://azimut.ski/fr/trips/la-grave---week-end-ski-freeride---ski-elite,La Grave Couloirs - Week end ski freeride - ski Elite,"['grave', 'couloirs', 'week', 'end', 'ski', 'freeride', 'ski', 'elite']",37,562,83
602168ac360e2c9356161285,cohort_-1,PRODUITS ISOLES,http://azimut.ski/fr/trips/gressoney-mt-rose---ski-freeride-rando-confort,Gressoney - Mont Rose - Ski Freeride rando,"['gressoney', 'mont', 'rose', 'ski', 'freeride', 'rando']",36,562,83
60266a8f360e2c9356c806eb,cohort_-1,PRODUITS ISOLES,http://azimut.ski/fr/trips/pays-du-viso-val-po---ski-de-randonnee-en-piemont,"Pays du Viso, Val Po - Ski de randonnée en Piémont","['pays', 'viso', 'val', 'po', 'ski', 'randonn', 'pi', 'mont']",34,562,83
602132e5360e2c9356156ef6,cohort_-1,PRODUITS ISOLES,http://azimut.ski/fr/trips/meilleurs-spots-ecrins-piemont--la-grave---ski-freeride,"Meilleurs spots ski freeride- Ecrins, La Grave et Piémont","['meilleurs', 'spots', 'ski', 'freeride', 'ecrins', 'grave', 'pi', 'mont']",34,562,83
60226dde360e2c9356a14b71,cohort_-1,PRODUITS ISOLES,http://azimut.ski/en/trips/steep-skiing-couloir---cerces,Couloirs & slopes in the Cerces mountain range - ski touring,"['couloirs', 'slopes', 'cerces', 'mountain', 'range', 'ski', 'touring']",31,562,83
6021533f360e2c9356159e91,cohort_-1,PRODUITS ISOLES,http://azimut.ski/fr/trips/vtt-raid---queyras-val-maira,VTT Raid - Du Queyras au Val Maira,"['vtt', 'raid', 'queyras', 'val', 'maira']",29,562,83
60213396360e2c93561e8a4f,cohort_-1,PRODUITS ISOLES,http://azimut.ski/fr/trips/ski-freeride---spots-secrets-de-savoie,Ski freeride - spots secrets de Savoie,"['ski', 'freeride', 'spots', 'secrets', 'savoie']",27,562,83
602ad2ab360e2c9356c20ba7,cohort_-1,PRODUITS ISOLES,http://azimut.ski/en/trips/become-autonom-in-the-mountains-mountaineering,Become autonomous - Mountaineering,"['become', 'autonomous', 'mountaineering']",24,562,83
609e9a8089fe135ad876fbbe,cohort_-1,PRODUITS ISOLES,http://azimut.ski/fr/trips/vtt--e-bike---liberte---week-end-de-pur-ride-autour-de-cervieres,VTT & E-Bike - Liberté - Week End pur ride autour de Cervières,"['vtt', 'bike', 'libert', 'week', 'end', 'pur', 'ride', 'autour', 'cervi', 'res']",24,562,83
6024f3de360e2c935640926b,cohort_-1,PRODUITS ISOLES,http://azimut.ski/fr/trips/ascension-du-mont-blanc-avec-preparation---voie-normale-m----jours,EXS - WILTSHIRE - Ascension du Mont Blanc avec préparation - Voie Normale (4810m) - 6 jours,"['exs', 'wiltshire', 'ascension', 'mont', 'blanc', 'pr', 'paration', 'voie', 'normale', '4810m', 'jours']",24,562,83
60a3f38889fe135ad88e70bd,cohort_-1,PRODUITS ISOLES,http://azimut.ski/fr/trips/hospice-du-grand-st-bernard---ski-de-randonnee,Hospice du Grand St Bernard - Ski de randonnée,"['hospice', 'grand', 'st', 'bernard', 'ski', 'randonn']",22,562,83
60245ca7360e2c935623e3f6,cohort_-1,PRODUITS ISOLES,http://azimut.ski/fr/trips/ascension-du-mont-blanc-a-ski-de-rando,Ascension du Mont Blanc à ski de rando,"['ascension', 'mont', 'blanc', 'ski', 'rando']",22,562,83
60a3cd9389fe135ad852badf,cohort_-1,PRODUITS ISOLES,http://azimut.ski/fr/trips/silvretta-ski-de-rando---raid-confort-en-ski-de-randonnee,Raid à ski de rando en Silvretta - Glacier d&#39,autriche,21,562,83
6022809a360e2c93560fdea5,cohort_-1,PRODUITS ISOLES,http://azimut.ski/fr/trips/,Queyras authentique - Ski de randonnée,"['queyras', 'authentique', 'ski', 'randonn']",21,562,83
608fe6c989fe135ad8237270,cohort_-1,PRODUITS ISOLES,http://azimut.ski/fr/trips/vtt-electrique---liberte---week-end-decouverte-dans-la-vallee-des-fonts,VTT Electrique - Liberté - Week End découverte autour de Cervières,"['vtt', 'electrique', 'libert', 'week', 'end', 'couverte', 'autour', 'cervi', 'res']",20,562,83
60aeb10689fe135ad880157f,cohort_-1,PRODUITS ISOLES,http://azimut.ski/fr/trips/chamonix---verbier---zermatt---ski-freerando---confort,Trilogie ski freeride Chamonix - Verbier - Zermatt,"['trilogie', 'ski', 'freeride', 'chamonix', 'verbier', 'zermatt']",15,562,83
6023ba78360e2c935625f3b6,cohort_-1,PRODUITS ISOLES,http://azimut.ski/fr/trips/val-pellice-piemont-secret---ski-de-randonnee-confort,"Val Pellice, Piémont secret - Ski de randonnée","['val', 'pellice', 'pi', 'mont', 'secret', 'ski', 'randonn']",15,562,83
60214eb7360e2c9356fbbed4,cohort_-1,PRODUITS ISOLES,http://azimut.ski/fr/trips/formation-scurit-neige-et-avalanches,Formation sécurité neige et avalanches,"['formation', 's', 'curit', 'neige', 'avalanches']",15,562,83
60a662f489fe135ad866d9f6,cohort_-1,PRODUITS ISOLES,http://azimut.ski/en/trips/vtt-enduro---bike-safari-with-shuttles-in-the-ligurian-alps,VTT Enduro - Bike Safari with shuttles in the Ligurian Alps,"['vtt', 'enduro', 'bike', 'safari', 'with', 'shuttles', 'ligurian', 'alps']",14,562,83
6023c3e5360e2c93566605d9,cohort_-1,PRODUITS ISOLES,http://azimut.ski/fr/trips/ascension-du-dome-des-ecrins-m,Ascension du Dôme des Ecrins (4015m) - Alpinisme,"['ascension', 'me', 'ecrins', '4015m', 'alpinisme']",14,562,83
6021a02b360e2c935618bc3a,cohort_-1,PRODUITS ISOLES,http://azimut.ski/fr/trips/tarentaise-powder--reblochon---ski-freeride-freerando-confort,Le meilleur de Sainte-Foy - Tignes Val d&#39,isère - Ski Freeride Freerando,14,562,83
60217f16360e2c9356f93ced,cohort_-1,PRODUITS ISOLES,http://azimut.ski/fr/trips/initiation-dans-le-queyras---ski-freeride-freerando,Initiation dans le Queyras - Ski Freeride Freerando,"['initiation', 'queyras', 'ski', 'freeride', 'freerando']",12,562,83
60297d28360e2c9356d57c63,cohort_-1,PRODUITS ISOLES,http://azimut.ski/fr/trips/ortles-glaciers-uniques-du-nord-italie---raid-confort-en-ski-de-randonnee,Raid à ski Tyrol Italien - raid confort en ski de randonnée,"['raid', 'ski', 'tyrol', 'italien', 'raid', 'confort', 'ski', 'randonn']",11,562,83
60ad10c489fe135ad85efe2d,cohort_-1,PRODUITS ISOLES,http://azimut.ski/en/trips/enduro---bike-shuttle---made-in-hautes-alpes,Enduro bike made in Hautes-Alpes - Shuttle up & Ride down - Day trips,"['enduro', 'bike', 'made', 'hautes', 'alpes', 'shuttle', 'up', 'ride', 'down', 'day', 'trips']",11,562,83
60a399df89fe135ad8ff0cd8,cohort_-1,PRODUITS ISOLES,http://azimut.ski/en/trips/objectif-grand-paradis-4061m,Up to Paradise [Gran Paradiso] (4061 m) - Mountaineering,"['up', 'to', 'paradise', 'gran', 'paradiso', 'mountaineering']",10,562,83
60b0f3dc89fe135ad834e9c4,cohort_-1,PRODUITS ISOLES,http://azimut.ski/fr/trips/domes-de-miage---ski-de-randonnee,Dômes de Miage - Ski de randonnée sportif,"['mes', 'miage', 'ski', 'randonn', 'sportif']",9,562,83
60ba2d90e2f187b2f3ab8be9,cohort_-1,PRODUITS ISOLES,http://azimut.ski/fr/trips/le-bovic---vtt-electrique---week-end-balade-dans-le-brianonnais-et-le-queyras,LE BOVIC - VTT Electrique - Week end balade dans le Briançonnais et le Queyras,"['bovic', 'vtt', 'electrique', 'week', 'end', 'balade', 'brian', 'onnais', 'queyras']",8,562,83
6093be5d89fe135ad8c448bf,cohort_-1,PRODUITS ISOLES,http://azimut.ski/fr/trips/lormand--e-bike-raid---tour-du-queyras-faon-azimut,LORMAND- E-bike Raid - Tour du Queyras façon Azimut,"['lormand', 'bike', 'raid', 'tour', 'queyras', 'fa', 'on', 'azimut']",8,562,83
6037cb88360e2c9356d0d0cb,cohort_-1,PRODUITS ISOLES,http://azimut.ski/fr/trips/gressoney-mt-rose---ski-freeride---ski-elite,Gressoney Mont Rose - Ski Freeride - Ski Elite,"['gressoney', 'mont', 'rose', 'ski', 'freeride', 'ski', 'elite']",8,562,83
6022dbf9360e2c9356613d5e,cohort_-1,PRODUITS ISOLES,http://azimut.ski/fr/trips/sejour-all-mountain-brianconnais,VTT - Les Meilleurs Singletracks du Briançonnais,"['vtt', 'meilleurs', 'singletracks', 'brian', 'onnais']",7,562,83
60213393360e2c93561e88c5,cohort_-1,PRODUITS ISOLES,http://azimut.ski/fr/trips/chamonix-zermatt-en-ski-de-rando---version-tranquille,La classique Chamonix-Zermatt en ski de rando par Valsorey,"['classique', 'chamonix', 'zermatt', 'ski', 'rando', 'par', 'valsorey']",7,562,83
60215f0e360e2c9356c0d898,cohort_-1,PRODUITS ISOLES,http://azimut.ski/en/trips/-freeride-skiing---chamonix-mont-blanc,100% freeride skiing weekend - Chamonix Mont blanc,"['freeride', 'skiing', 'weekend', 'chamonix', 'mont', 'blanc']",6,562,83
60a6cae989fe135ad80d8dce,cohort_-1,PRODUITS ISOLES,http://azimut.ski/fr/trips/aravis-mont-blanc---freerando,Aravis Mont Blanc - Freerando,"['aravis', 'mont', 'blanc', 'freerando']",6,562,83
60c48641e2f187b2f3f348b8,cohort_-1,PRODUITS ISOLES,http://azimut.ski/en/trips/fjords-sauvages-islande---ski-de-randonnee,Ski touring in Iceland&#39,s Western fjords,6,562,83
60ad198189fe135ad86cf17a,cohort_-1,PRODUITS ISOLES,http://azimut.ski/fr/trips/baron---e-bike-enduro---sentiers-perches-et-farniente-au-lac-de-serre-ponon,BARON - E-bike Enduro - Sentiers perchés et farniente au lac de Serre-Ponçon,"['baron', 'bike', 'enduro', 'sentiers', 'perch', 's', 'farniente', 'lac', 'serre', 'pon', 'on']",6,562,83
60ec8357e2f187b2f322faa5,cohort_-1,PRODUITS ISOLES,http://azimut.ski/en/trips/morocco---trip-in-the-atlas-mountain---gravel-bike-cycling-trip,"Morocco - Trip in the Atlas mountain - Gravel Bike, cycling trip","['morocco', 'trip', 'atlas', 'mountain', 'gravel', 'bike', 'cycling', 'trip']",6,562,83
60303b02360e2c9356be224a,cohort_-1,PRODUITS ISOLES,http://azimut.ski/fr/trips/week-end-heliski-freeride-a-gressoney-mont-rose---italie,Week end Héliski-Freeride à Gressoney Mont Rose - Italie,"['week', 'end', 'h', 'liski', 'freeride', 'gressoney', 'mont', 'rose', 'italie']",5,562,83
60bba735e2f187b2f3b46f71,cohort_-1,PRODUITS ISOLES,http://azimut.ski/en/trips/morocco---between-south-and-desert---gravel-bike-cycling-trip,"Morocco - Between South and Desert - Gravel Bike, cycling trip","['morocco', 'between', 'south', 'and', 'desert', 'gravel', 'bike', 'cycling', 'trip']",5,562,83
60676a2889fe135ad841c150,cohort_-1,PRODUITS ISOLES,http://azimut.ski/fr/trips/vtt-electrique-douceurs-du-brianconnais,VTT Electrique - Initiation pilotage et Découverte des meilleurs sentiers Briançonnais,"['vtt', 'electrique', 'initiation', 'pilotage', 'couverte', 'meilleurs', 'sentiers', 'brian', 'onnais']",5,562,83
602a7b08360e2c935668c409,cohort_-1,PRODUITS ISOLES,http://azimut.ski/fr/trips/chamonix-best-of--ski-freeride---ski-elite,Chamonix best of Ski - Ski Freeride - Elite,"['chamonix', 'best', 'of', 'ski', 'ski', 'freeride', 'elite']",5,562,83
6027e40d360e2c9356de9e2d,cohort_-1,PRODUITS ISOLES,http://azimut.ski/fr/trips/perfectionnement-ski-freeride-expert---sestriere---italie,Retour d&#39,Est Piémont Pure Powder - Ski Freeride - Sestrière - Italie,5,562,83
6048f0a3360e2c9356cae3f1,cohort_-1,PRODUITS ISOLES,http://azimut.ski/fr/trips/martine--e-bike-enduro---la-mecque-de-le-bike-au-pays-du-soleil,MARTINE- E-bike Enduro au pays du soleil: le Brianconnais,"['martine', 'bike', 'enduro', 'pays', 'soleil', 'brianconnais']",4,562,83
60a65ae189fe135ad8596ee5,cohort_-1,PRODUITS ISOLES,http://azimut.ski/en/trips/trolls--peninsula---ski-touring,The mysterious Troll peninsula - Ski touring in Iceland,"['mysterious', 'troll', 'peninsula', 'ski', 'touring', 'iceland']",4,562,83
60b4d78689fe135ad881559a,cohort_-1,PRODUITS ISOLES,http://azimut.ski/fr/trips/ski-de-couloirs-massif-des-cerces---ski-de-randonnee,Ski de couloirs Massif des Cerces - ski de randonnée,"['ski', 'couloirs', 'massif', 'cerces', 'ski', 'randonn']",4,562,83
60b944e2626ee634ea881f1c,cohort_-1,PRODUITS ISOLES,http://azimut.ski/fr/trips/pierrat---stage-d-initiation-face-au-dome-des-ecrins-m---alpinisme,PIERRAT - Stage d&#39,initiation face au Dôme des Ecrins (4015m) - Alpinisme,4,562,83
6034b9de360e2c9356d92f83,cohort_-1,PRODUITS ISOLES,http://azimut.ski/fr/trips/weekend-fin-de-saison--azimut-en-vanoise-,Week-end fin de Saison : Spring Break Azimut en Vanoise !,"['week', 'end', 'fin', 'saison', 'spring', 'break', 'azimut', 'vanoise']",4,562,83
60295a8c360e2c9356b1c779,cohort_-1,PRODUITS ISOLES,http://azimut.ski/fr/trips/vtt-electrique---week-end-balade-dans-le-magnifique-piemont-italien,VTT Electrique - Week-end balade dans le magnifique Piémont Italien,"['vtt', 'electrique', 'week', 'end', 'balade', 'magnifique', 'pi', 'mont', 'italien']",3,562,83
60af8a7f89fe135ad85d604e,cohort_-1,PRODUITS ISOLES,http://azimut.ski/en/trips/mtb-enduro---singletracks-orgy-and-shuttles-in-beaufortain---north-french-alps,MTB Enduro - singletrack orgy with shuttle drops in the Beaufortain - Northern French Alps,"['mtb', 'enduro', 'singletrack', 'orgy', 'with', 'shuttle', 'drops', 'beaufortain', 'northern', 'french', 'alps']",3,562,83
60afc46589fe135ad8c4ccea,cohort_-1,PRODUITS ISOLES,http://azimut.ski/fr/trips/vtt-all-mountain---jours-en-etoile-dans-le-queyras,VTT All Mountain- 3 jours en étoile dans le Queyras,"['vtt', 'all', 'mountain', 'jours', 'toile', 'queyras']",3,562,83
6033e3cd360e2c9356aba797,cohort_-1,PRODUITS ISOLES,http://azimut.ski/fr/trips/Dolomites-Moizza-Civetta-sauvage,Via Ferrata Dolomites - Moizza Civetta sauvage,"['via', 'ferrata', 'dolomites', 'moizza', 'civetta', 'sauvage']",2,562,83
602264b2360e2c9356249711,cohort_-1,PRODUITS ISOLES,http://azimut.ski/fr/trips/deutschmann--weekend-decouverte-du-ski-rando---beaufortain---savoie,DEUTSCHMANN- Weekend découverte du ski rando - Beaufortain - Savoie,"['deutschmann', 'weekend', 'couverte', 'ski', 'rando', 'beaufortain', 'savoie']",2,562,83
60ae77f289fe135ad81c5afe,cohort_-1,PRODUITS ISOLES,http://azimut.ski/en/trips/crossing-the-alps---gravel-bike-cycling-road,"Crossing the Alps - Gravel Bike, Cycling road","['crossing', 'alps', 'gravel', 'bike', 'cycling', 'road']",2,562,83
60f81987e2f187b2f3310fd1,cohort_-1,PRODUITS ISOLES,http://azimut.ski/fr/trips/dogneton--vtt-enduro---finale-ligure-et-ses-spots-secrets,DOGNETON- VTT Enduro - Finale Ligure et ses spots secrets,"['dogneton', 'vtt', 'enduro', 'finale', 'ligure', 'ses', 'spots', 'secrets']",2,562,83
60acac0789fe135ad8bbea5e,cohort_-1,PRODUITS ISOLES,http://azimut.ski/en/trips/boat-skitouring-norway,Ski from the sea in the Lyngen Alps - Norway,"['ski', 'from', 'sea', 'lyngen', 'alps', 'norway']",2,562,83
6099019b89fe135ad82c3138,cohort_-1,PRODUITS ISOLES,http://azimut.ski/fr/trips/gijs--les--du-mont-rose---alpinisme,GIJS- Les 4000 du Mont Rose - Alpinisme,"['gijs', 'mont', 'rose', 'alpinisme']",2,562,83
602642a1360e2c9356edc992,cohort_-1,PRODUITS ISOLES,http://azimut.ski/fr/trips/egal--ambiance-bout-du-monde-en-queyras-profond---ski-de-randonnee-confort,EGAL- Ambiance bout du monde en Queyras profond - Ski de randonnée confort,"['egal', 'ambiance', 'bout', 'monde', 'queyras', 'profond', 'ski', 'randonn', 'confort']",1,562,83
